first_name,second_name,username
John,Doe,johndoe
Jane,Smith,janesmith
Michael,Johnson,mikej
Emily,Brown,emilyb
Chris,Davis,chrisd
Amanda,Wilson,amandaw
Robert,Moore,robmo
Laura,Anderson,lauraa
Daniel,Thomas,danielt
Sophia,White,sophiaw